# Name,       Type, SubType, Offset,  Size, Flags
# Flash: 16MB total
# sv_model_3s: speaker verification TDNN model (moved from SD card —
#              SD SPI reads corrupt silently under system load)

nvs,           data, nvs,     0x9000,      24K,
phy_init,      data, phy,     0xf000,      4K,
factory,       app,  factory, 0x010000,    6144K,
human_face_det,data, spiffs,  ,            256K,
human_face_feat,data,spiffs,  ,            1600K,
model,         data, spiffs,  ,            3072K,
sv_model_3s,   data, spiffs,  ,            2880K,
storage,       data, fat,     ,            2M,
